{
  "project_info": {
    "project_number": "403662271165",
    "project_id": "amiride-f78ba",
    "storage_bucket": "amiride-f78ba.firebasestorage.app"
  },
  "client": [
    {
      "client_info": {
        "mobilesdk_app_id": "1:403662271165:android:18e4f11126e25dd25bbdd4",
        "android_client_info": {
          "package_name": "com.example.amiride"
        }
      },
      "oauth_client": [],
      "api_key": [
        {
          "current_key": "AIzaSyDHY1UG4AHPuksOBx6XrkAI4eEjwGFgKdE"
        }
      ],
      "services": {
        "appinvite_service": {
          "other_platform_oauth_client": []
        }
      }
    }
  ],
  "configuration_version": "1"
}